rrayhilli@soundcloud.com,Rosa,Rayhill,994-710-2898
adomleoj@google.it,Andre,Domleo,649-156-8114
hbuftonk@wordpress.com,Heddie,Bufton,685-200-1016
rcristeal@multiply.com,Ruthi,Cristea,353-628-6863
dturnorm@wisc.edu,Dunstan,Turnor,270-390-8244
afernen@webnode.com,Aluin,Ferne,461-529-9183
lhayesmano@bbb.org,Leif,Hayesman,846-778-8746
awithefordp@bbb.org,Amble,Witheford,751-987-3666
mchevisq@wiley.com,Mahmud,Chevis,309-142-2966
kbergerr@1688.com,Karoly,Berger,913-235-4403
gbahdes@qq.com,Genovera,Bahde,561-741-8898
